<?xml version="1.0"?>
<antlib xmlns:current="ant:current">
	<taskdef name="configure" classname="fr.jayasoft.ivy.ant.IvyConfigure"/>
	<taskdef name="resolve" classname="fr.jayasoft.ivy.ant.IvyResolve"/>
	<taskdef name="retrieve" classname="fr.jayasoft.ivy.ant.IvyRetrieve"/>
	<taskdef name="deliver" classname="fr.jayasoft.ivy.ant.IvyDeliver"/>
	<taskdef name="publish" classname="fr.jayasoft.ivy.ant.IvyPublish"/>
	<taskdef name="extract" classname="fr.jayasoft.ivy.ant.IvyExtractFromSources"/>
	<taskdef name="cachepath" classname="fr.jayasoft.ivy.ant.IvyCachePath"/>
	<taskdef name="cachefileset" classname="fr.jayasoft.ivy.ant.IvyCacheFileset"/>
	<taskdef name="report" classname="fr.jayasoft.ivy.ant.IvyReport"/>
	<taskdef name="repreport" classname="fr.jayasoft.ivy.ant.IvyRepositoryReport"/>
	<taskdef name="var" classname="fr.jayasoft.ivy.ant.IvyVar"/>
	<taskdef name="check" classname="fr.jayasoft.ivy.ant.IvyCheck"/>
	<taskdef name="artifactproperty" classname="fr.jayasoft.ivy.ant.IvyArtifactProperty"/>
	<taskdef name="buildlist" classname="fr.jayasoft.ivy.ant.IvyBuildList"/>
	<taskdef name="install" classname="fr.jayasoft.ivy.ant.IvyInstall"/>
	<taskdef name="convertpom" classname="fr.jayasoft.ivy.ant.IvyConvertPom"/>
	<taskdef name="artifactreport" classname="fr.jayasoft.ivy.ant.IvyArtifactReport"/>
	<taskdef name="info" classname="fr.jayasoft.ivy.ant.IvyInfo"/>
	<taskdef name="addpath" classname="fr.jayasoft.ivy.ant.AddPathTask"/>
	<taskdef name="listmodules" classname="fr.jayasoft.ivy.ant.IvyListModules"/>
	<taskdef name="findrevision" classname="fr.jayasoft.ivy.ant.IvyFindRevision"/>
	<taskdef name="buildnumber" classname="fr.jayasoft.ivy.ant.IvyBuildNumber"/>
</antlib>
