<?xml version="1.0"?>
<!-- Copyright (C) 2004 The Apache Software Foundation. All rights reserved. -->
<!DOCTYPE book PUBLIC "-//APACHE//DTD Cocoon Documentation Book V1.0//EN" "../dtd/book-cocoon-v10.dtd">
<!-- $Id$ -->
<book software="POI Project" 
      title="HPSF" 
      copyright="@year@ POI Project">

  <menu label="Navigation">
    <menu-item label="Main" href="../index.html"/>
  </menu>
  <menu label="HPSF">
    <menu-item label="Overview" href="index.html"/>
    <menu-item label="How To" href="how-to.html"/>
    <menu-item label="Thumbnails" href="thumbnails.html"/>
    <menu-item label="Internals" href="internals.html"/>
    <menu-item label="To Do" href="todo.html"/>
  </menu>

</book>


