<?xml version="1.0" encoding="UTF-8"?>
<!-- Copyright (C) 2004 The Apache Software Foundation. All rights reserved. -->
<!DOCTYPE document PUBLIC "-//APACHE//DTD Documentation V1.1//EN" "../dtd/document-v11.dtd">
<!-- $Id$ -->

<document>
 <header>
  <title>HPSF (Horrible Property Set Format)</title>
  <subtitle>Overview</subtitle>
  <authors>     
   <person name="Rainer Klute" email="klute@apache.org"/>
  </authors>
 </header>
 <body>
  <section><title>Overview</title>
   <p>Microsoft applications like "Word", "Excel" or "Powerpoint" let the user
    describe his document by properties like "title", "category" and so on. The
    application itself adds further information: last author, creation date
    etc. These document properties are stored in so-called <strong>property set
     streams</strong>. A property set stream is a separate document within a
    <link href="../poifs/index.html">POI filesystem</link>. We'll call property
    set streams mostly just "property sets". HPSF is POI's pure-Java
    implementation to read (and in future to write) property sets.</p>

   <p>The <link href="how-to.html">HPSF HOWTO</link> describes what a Java
    application should do to read a property set using HPSF and to retrieve the
    information it needs.</p>

   <p>HPSF supports OLE2 property set streams in general, and is not limited to
    the special case of document properties in the Microsoft Office files
    mentioned above. The <link href="internals.html">HPSF description</link>
    describes the internal structure of property set streams. A separate
    document explains the internal of <link href="thumbnails.html">thumbnail
     images</link>.</p>
  </section>
 </body>
</document>

<!-- Keep this comment at the end of the file
Local variables:
mode: xml
sgml-omittag:nil
sgml-shorttag:nil
sgml-namecase-general:nil
sgml-general-insert-case:lower
sgml-minimize-attributes:nil
sgml-always-quote-attributes:t
sgml-indent-step:1
sgml-indent-data:t
sgml-parent-document:nil
sgml-exposed-tags:nil
sgml-local-catalogs:nil
sgml-local-ecat-files:nil
End:
-->
