<!--
  ~  Licensed to the Apache Software Foundation (ASF) under one
  ~  or more contributor license agreements.  See the NOTICE file
  ~  distributed with this work for additional information
  ~  regarding copyright ownership.  The ASF licenses this file
  ~  to you under the Apache License, Version 2.0 (the
  ~  "License"); you may not use this file except in compliance
  ~  with the License.  You may obtain a copy of the License at
  ~
  ~   http://www.apache.org/licenses/LICENSE-2.0
  ~
  ~  Unless required by applicable law or agreed to in writing,
  ~  software distributed under the License is distributed on an
  ~   * "AS IS" BASIS, WITHOUT WARRANTIES OR CONDITIONS OF ANY
  ~  KIND, either express or implied.  See the License for the
  ~  specific language governing permissions and limitations
  ~  under the License.
  -->
<!-- one-way message bridging between JMS to HTTP and sending a 202 Accepted -->
<definitions xmlns="http://ws.apache.org/ns/synapse">

    <proxy name="JMStoHTTPStockQuoteProxy" transports="jms">
        <target>
            <endpoint>
                <address uri="http://localhost:9001/soap/SimpleStockQuoteService"/>
            </endpoint>
            <outSequence>
                <send/>
            </outSequence>
        </target>
        <publishWSDL uri="file:repository/conf/sample/resources/proxy/sample_proxy_1.wsdl"/>
    </proxy>

    <proxy name="OneWayProxy" transports="http">
        <target>
            <inSequence>
                <log level="full"/>
                <property name="RESPONSE" value="true"/>
				<header name="To" value="http://www.w3.org/2005/08/addressing/anonymous"/>
                <property name="SC_ACCEPTED" value="true" scope="axis2"/>
                <send/>
            </inSequence>
            <outSequence>
                <send/>
            </outSequence>
        </target>
        <publishWSDL uri="file:repository/conf/sample/resources/proxy/sample_proxy_1.wsdl"/>
    </proxy>

</definitions>