<!--
  ~  Licensed to the Apache Software Foundation (ASF) under one
  ~  or more contributor license agreements.  See the NOTICE file
  ~  distributed with this work for additional information
  ~  regarding copyright ownership.  The ASF licenses this file
  ~  to you under the Apache License, Version 2.0 (the
  ~  "License"); you may not use this file except in compliance
  ~  with the License.  You may obtain a copy of the License at
  ~
  ~   http://www.apache.org/licenses/LICENSE-2.0
  ~
  ~  Unless required by applicable law or agreed to in writing,
  ~  software distributed under the License is distributed on an
  ~   * "AS IS" BASIS, WITHOUT WARRANTIES OR CONDITIONS OF ANY
  ~  KIND, either express or implied.  See the License for the
  ~  specific language governing permissions and limitations
  ~  under the License.
  -->
<!-- using custom sequences for incoming and outgoing message mediation with proxy services -->
<definitions xmlns="http://ws.apache.org/ns/synapse">

    <sequence name="proxy_1">
        <send>
            <endpoint><address uri="http://localhost:9000/soap/SimpleStockQuoteService"/></endpoint>
        </send>
    </sequence>
	<sequence name="out">
        <send/>
    </sequence>
    <endpoint name="proxy_2_endpoint">
		<address uri="http://localhost:9000/soap/SimpleStockQuoteService"/>
	</endpoint>
    <localEntry key="proxy_wsdl" src="file:repository/conf/sample/resources/proxy/sample_proxy_1.wsdl"/>

    <proxy name="StockQuoteProxy1">
        <publishWSDL key="proxy_wsdl"/>
        <target inSequence="proxy_1" outSequence="out"/>
    </proxy>

    <proxy name="StockQuoteProxy2">
        <publishWSDL key="proxy_wsdl"/>
        <target endpoint="proxy_2_endpoint" outSequence="out"/>
    </proxy>
</definitions>