<!--
  ~  Licensed to the Apache Software Foundation (ASF) under one
  ~  or more contributor license agreements.  See the NOTICE file
  ~  distributed with this work for additional information
  ~  regarding copyright ownership.  The ASF licenses this file
  ~  to you under the Apache License, Version 2.0 (the
  ~  "License"); you may not use this file except in compliance
  ~  with the License.  You may obtain a copy of the License at
  ~
  ~   http://www.apache.org/licenses/LICENSE-2.0
  ~
  ~  Unless required by applicable law or agreed to in writing,
  ~  software distributed under the License is distributed on an
  ~   * "AS IS" BASIS, WITHOUT WARRANTIES OR CONDITIONS OF ANY
  ~  KIND, either express or implied.  See the License for the
  ~  specific language governing permissions and limitations
  ~  under the License.
  -->
<!-- attaching service level WS-RM policies to proxy services -->
<definitions xmlns="http://ws.apache.org/ns/synapse">
    <proxy name="StockQuoteProxy">
        <target>
            <inSequence>
				<header name="wsrm:SequenceAcknowledgement" action="remove"
				    xmlns:wsrm="http://schemas.xmlsoap.org/ws/2005/02/rm"/>
				<header name="wsrm:Sequence" action="remove"
				    xmlns:wsrm="http://schemas.xmlsoap.org/ws/2005/02/rm"/>
                <send>
                    <endpoint>
                        <address uri="http://localhost:9000/soap/SimpleStockQuoteService"/>
                    </endpoint>
                </send>
            </inSequence>
			<outSequence>
				<send/>
			</outSequence>
        </target>
        <publishWSDL uri="file:repository/conf/sample/resources/proxy/sample_proxy_1.wsdl"/>
        <enableRM/>
    </proxy>
</definitions>