<!--
  ~  Licensed to the Apache Software Foundation (ASF) under one
  ~  or more contributor license agreements.  See the NOTICE file
  ~  distributed with this work for additional information
  ~  regarding copyright ownership.  The ASF licenses this file
  ~  to you under the Apache License, Version 2.0 (the
  ~  "License"); you may not use this file except in compliance
  ~  with the License.  You may obtain a copy of the License at
  ~
  ~   http://www.apache.org/licenses/LICENSE-2.0
  ~
  ~  Unless required by applicable law or agreed to in writing,
  ~  software distributed under the License is distributed on an
  ~   * "AS IS" BASIS, WITHOUT WARRANTIES OR CONDITIONS OF ANY
  ~  KIND, either express or implied.  See the License for the
  ~  specific language governing permissions and limitations
  ~  under the License.
  -->
<definitions xmlns="http://ws.apache.org/ns/synapse"
             xmlns:throttle="http://ws.apache.org/ns/synapse/throttle">
    <registry provider="org.apache.synapse.registry.url.SimpleURLRegistry">
        <!-- the root property of the simple URL registry helps resolve a resource URL as root + key -->
        <parameter name="root">file:./../../repository/</parameter>
        <!-- all resources loaded from the URL registry would be cached for this number of milli seconds -->
        <parameter name="cachableDuration">15000</parameter>
    </registry>


    <localEntry key="thottlePolicy"
                src="file:./repository/conf/sample/resources/policy/throttle_policy.xml"/>

    <sequence name="main">
        <in>
            <throttle:throttle onReject="onRejectSequence" onAccept="onAcceptSequence">
                <policy key="thottlePolicy"/>
            </throttle:throttle>
        </in>
        <out>
            <send/>
        </out>
    </sequence>
    <sequence name="onAcceptSequence">
        <log level="custom">
            <property name="text" value="**Access Accept**"/>
        </log>
        <send>
            <endpoint>
                <address uri="http://localhost:9000/soap/SimpleStockQuoteService"/>
            </endpoint>
        </send>
    </sequence>
    <sequence name="onRejectSequence">
        <log level="custom">
            <property name="text" value="**Access Denied**"/>
        </log>
        <makefault>
            <code value="tns:Receiver"
                  xmlns:tns="http://www.w3.org/2003/05/soap-envelope"/>
            <reason value="**Access Denied**"/>
        </makefault>
        <property name="RESPONSE" value="true"/>
        <header name="To" expression="get-property('ReplyTo')"/>
        <send/>
        <drop/>
    </sequence>
</definitions>
