<!--
  ~  Licensed to the Apache Software Foundation (ASF) under one
  ~  or more contributor license agreements.  See the NOTICE file
  ~  distributed with this work for additional information
  ~  regarding copyright ownership.  The ASF licenses this file
  ~  to you under the Apache License, Version 2.0 (the
  ~  "License"); you may not use this file except in compliance
  ~  with the License.  You may obtain a copy of the License at
  ~
  ~   http://www.apache.org/licenses/LICENSE-2.0
  ~
  ~  Unless required by applicable law or agreed to in writing,
  ~  software distributed under the License is distributed on an
  ~   * "AS IS" BASIS, WITHOUT WARRANTIES OR CONDITIONS OF ANY
  ~  KIND, either express or implied.  See the License for the
  ~  specific language governing permissions and limitations
  ~  under the License.
  -->
<!-- introduction of static inline XML properties and the validation mediator -->
<definitions xmlns="http://ws.apache.org/ns/synapse">

    <localEntry key="validate_schema">
        <xs:schema xmlns:xs="http://www.w3.org/2001/XMLSchema"
                    xmlns="http://www.apache-synapse.org/test" elementFormDefault="qualified"
                    attributeFormDefault="unqualified"
                    targetNamespace="http://services.samples/xsd">
            <xs:element name="getQuote">
                <xs:complexType>
                    <xs:sequence>
                        <xs:element name="request">
                            <xs:complexType>
                                <xs:sequence>
                                    <xs:element name="stocksymbol" type="xs:string"/>
                                </xs:sequence>
                            </xs:complexType>
                        </xs:element>
                    </xs:sequence>
                </xs:complexType>
            </xs:element>
        </xs:schema>
    </localEntry>

    <in>
        <validate>
            <schema key="validate_schema"/>
            <on-fail>
                <!-- if the request does not validate againt schema throw a fault -->
                <makefault>
                    <code value="tns:Receiver"
                            xmlns:tns="http://www.w3.org/2003/05/soap-envelope"/>
                    <reason value="Invalid custom quote request"/>
                </makefault>
				<property name="RESPONSE" value="true"/>
		        <header name="To" expression="get-property('ReplyTo')"/>
            </on-fail>
        </validate>
    </in>
    <send/>
</definitions>