{
  "children": [
      {
        "id":"index",
        "title":"Documentation",
        "children": [
            {
              "id":"release-notes",
              "title":"Release Notes",
              "children": [

                ]
            },
            {
              "id":"tutorial",
              "title":"Tutorials",
              "children": [
                  {
                    "id":"tutorial/start",
                    "title":"Quick Start",
                    "children": [

                      ]
                  },
                  {
                    "id":"tutorial/defaultconf",
                    "title":"Adjusting default settings",
                    "children": [

                      ]
                  },
                  {
                    "id":"tutorial/multiple",
                    "title":"Multiple Resolvers",
                    "children": [

                      ]
                  },
                  {
                    "id":"tutorial/dual",
                    "title":"Dual Resolver",
                    "children": [

                      ]
                  },
                  {
                    "id":"tutorial/dependence",
                    "title":"Project dependencies",
                    "children": [

                      ]
                  },
                  {
                    "id":"tutorial/multiproject",
                    "title":"Using Ivy in multiple projects environment",
                    "children": [

                      ]
                  },
                  {
                    "id":"tutorial/conf",
                    "title":"Using Ivy Module Configurations",
                    "children": [

                      ]
                  },
                  {
                    "id":"tutorial/build-repository",
                    "title":"Building a repository",
                    "children": [
                        {
                          "id":"tutorial/build-repository/basic",
                          "title":"Basic repository copy",
                          "children": [

                            ]
                        },
                        {
                          "id":"tutorial/build-repository/advanced",
                          "title":"Using namespaces",
                          "children": [

                            ]
                        }
                      ]
                  },
                  {
                    "id":"moreexamples",
                    "title":"More examples",
                    "children": [

                      ]
                  }
                ]
            },
            {
              "id":"reference",
              "title":"Reference",
              "children": [
                  {
                    "id":"intro",
                    "title":"Introduction",
                    "isAbstract":true,
                    "children": [
                        {
                          "id":"terminology",
                          "title":"Terminology",
                          "children": [

                            ]
                        },
                        {
                          "id":"concept",
                          "title":"Main Concepts",
                          "children": [

                            ]
                        },
                        {
                          "id":"textual",
                          "title":"Text Conventions",
                          "children": [

                            ]
                        },
                        {
                          "id":"principle",
                          "title":"How does it work ?",
                          "children": [

                            ]
                        },
                        {
                          "id":"bestpractices",
                          "title":"Best practices",
                          "children": [

                            ]
                        },
                        {
                          "id":"install",
                          "title":"Installation",
                          "children": [

                            ]
                        }
                      ]
                  },
                  {
                    "id":"settings",
                    "title":"Settings Files",
                    "children": [
                        {
                          "id":"settings/property",
                          "title":"property",
                          "children": [

                            ]
                        },
                        {
                          "id":"settings/properties",
                          "title":"properties",
                          "children": [

                            ]
                        },
                        {
                          "id":"settings/settings",
                          "title":"settings",
                          "children": [

                            ]
                        },
                        {
                          "id":"settings/include",
                          "title":"include",
                          "children": [

                            ]
                        },
                        {
                          "id":"settings/classpath",
                          "title":"classpath",
                          "children": [

                            ]
                        },
                        {
                          "id":"settings/typedef",
                          "title":"typedef",
                          "children": [

                            ]
                        },
                        {
                          "id":"settings/credentials",
                          "title":"credentials",
                          "children": [

                            ]
                        },
                        {
                          "id":"settings/lock-strategies",
                          "title":"lock-strategies",
                          "children": [

                            ]
                        },
                        {
                          "id":"settings/caches",
                          "title":"caches",
                          "children": [
                              {
                                "id":"settings/caches/cache",
                                "title":"cache",
                                "children": [
                                    {
                                      "id":"settings/caches/ttl",
                                      "title":"ttl",
                                      "children": [

                                        ]
                                    }
                                  ]
                              }
                            ]
                        },
                        {
                          "id":"settings/latest-strategies",
                          "title":"latest-strategies",
                          "children": [

                            ]
                        },
                        {
                          "id":"settings/parsers",
                          "title":"parsers",
                          "children": [

                            ]
                        },
                        {
                          "id":"settings/namespaces",
                          "title":"namespaces",
                          "children": [
                              {
                                "id":"settings/namespace",
                                "title":"namespace",
                                "children": [
                                    {
                                      "id":"settings/namespace/rule",
                                      "title":"rule",
                                      "children": [
                                          {
                                            "id":"settings/namespace/fromtosystem",
                                            "title":"fromsystem / tosystem",
                                            "children": [
                                                {
                                                  "id":"settings/namespace/src",
                                                  "title":"src",
                                                  "children": [

                                                    ]
                                                },
                                                {
                                                  "id":"settings/namespace/dest",
                                                  "title":"dest",
                                                  "children": [

                                                    ]
                                                }
                                              ]
                                          }
                                        ]
                                    }
                                  ]
                              }
                            ]
                        },
                        {
                          "id":"settings/macrodef",
                          "title":"macrodef",
                          "children": [
                              {
                                "id":"settings/macrodef/attribute",
                                "title":"attribute",
                                "children": [

                                  ]
                              }
                            ]
                        },
                        {
                          "id":"settings/resolvers",
                          "title":"resolvers",
                          "children": [
                              {
                                "id":"resolver/ivyrep",
                                "title":"IvyRep Resolver",
                                "children": [

                                  ]
                              },
                              {
                                "id":"resolver/ibiblio",
                                "title":"IBiblio Resolver",
                                "children": [

                                  ]
                              },
                              {
                                "id":"resolver/packager",
                                "title":"Packager resolver",
                                "children": [

                                  ]
                              },
                              {
                                "id":"resolver/filesystem",
                                "title":"File System resolver",
                                "children": [

                                  ]
                              },
                              {
                                "id":"resolver/url",
                                "title":"Url Resolver",
                                "children": [

                                  ]
                              },
                              {
                                "id":"resolver/chain",
                                "title":"Chain Resolver",
                                "children": [

                                  ]
                              },
                              {
                                "id":"resolver/dual",
                                "title":"Dual resolver",
                                "children": [

                                  ]
                              },
                              {
                                "id":"resolver/sftp",
                                "title":"sftp resolver",
                                "children": [

                                  ]
                              },
                              {
                                "id":"resolver/ssh",
                                "title":"ssh resolver",
                                "children": [

                                  ]
                              },
                              {
                                "id":"resolver/vfs",
                                "title":"vfs",
                                "children": [

                                  ]
                              }
                            ]
                        },
                        {
                          "id":"settings/conflict-managers",
                          "title":"conflict-managers",
                          "children": [

                            ]
                        },
                        {
                          "id":"settings/modules",
                          "title":"modules",
                          "children": [
                              {
                                "id":"settings/module",
                                "title":"module",
                                "children": [

                                  ]
                              }
                            ]
                        },
                        {
                          "id":"settings/outputters",
                          "title":"outputters",
                          "children": [

                            ]
                        },
                        {
                          "id":"settings/statuses",
                          "title":"statuses",
                          "children": [
                              {
                                "id":"settings/status",
                                "title":"status",
                                "children": [

                                  ]
                              }
                            ]
                        },
                        {
                          "id":"settings/triggers",
                          "title":"triggers",
                          "children": [

                            ]
                        },
                        {
                          "id":"settings/version-matchers",
                          "title":"version-matchers",
                          "children": [

                            ]
                        }
                      ]
                  },
                  {
                    "id":"ivyfile",
                    "title":"Ivy Files",
                    "children": [
                        {
                          "id":"ivyfile/info",
                          "title":"info",
                          "children": [
                              {
                                "id":"ivyfile/license",
                                "title":"license",
                                "children": [

                                  ]
                              },
                              {
                                "id":"ivyfile/ivyauthor",
                                "title":"ivyauthor",
                                "children": [

                                  ]
                              },
                              {
                                "id":"ivyfile/repository",
                                "title":"repository",
                                "children": [

                                  ]
                              },
                              {
                                "id":"ivyfile/description",
                                "title":"description",
                                "children": [

                                  ]
                              }
                            ]
                        },
                        {
                          "id":"ivyfile/configurations",
                          "title":"configurations",
                          "children": [
                              {
                                "id":"ivyfile/conf",
                                "title":"conf",
                                "children": [

                                  ]
                              },
                              {
                                "id":"ivyfile/include",
                                "title":"include",
                                "children": [

                                  ]
                              }
                            ]
                        },
                        {
                          "id":"ivyfile/publications",
                          "title":"publications",
                          "children": [
                              {
                                "id":"ivyfile/artifact",
                                "title":"artifact",
                                "children": [
                                    {
                                      "id":"ivyfile/artifact-conf",
                                      "title":"conf",
                                      "children": [

                                        ]
                                    }
                                  ]
                              }
                            ]
                        },
                        {
                          "id":"ivyfile/dependencies",
                          "title":"dependencies",
                          "children": [
                              {
                                "id":"ivyfile/dependency",
                                "title":"dependency",
                                "children": [
                                    {
                                      "id":"ivyfile/dependency-conf",
                                      "title":"conf",
                                      "children": [
                                          {
                                            "id":"ivyfile/mapped",
                                            "title":"mapped",
                                            "children": [

                                              ]
                                          }
                                        ]
                                    },
                                    {
                                      "id":"ivyfile/dependency-artifact",
                                      "title":"artifact",
                                      "children": [
                                          {
                                            "id":"ivyfile/dependency-artifact-conf",
                                            "title":"conf",
                                            "children": [

                                              ]
                                          }
                                        ]
                                    },
                                    {
                                      "id":"ivyfile/artifact-exclude",
                                      "title":"exclude",
                                      "children": [
                                          {
                                            "id":"ivyfile/artifact-exclude-conf",
                                            "title":"conf",
                                            "children": [

                                              ]
                                          }
                                        ]
                                    },
                                    {
                                      "id":"ivyfile/dependency-include",
                                      "title":"include",
                                      "children": [
                                          {
                                            "id":"ivyfile/dependency-include-conf",
                                            "title":"conf",
                                            "children": [

                                              ]
                                          }
                                        ]
                                    }
                                  ]
                              },
                              {
                                "id":"ivyfile/exclude",
                                "title":"exclude",
                                "children": [

                                  ]
                              },
                              {
                                "id":"ivyfile/override",
                                "title":"override",
                                "children": [

                                  ]
                              },
                              {
                                "id":"ivyfile/conflict",
                                "title":"conflict",
                                "children": [

                                  ]
                              }
                            ]
                        },
                        {
                          "id":"ivyfile/conflicts",
                          "title":"conflicts",
                          "children": [
                              {
                                "id":"ivyfile/manager",
                                "title":"manager",
                                "children": [

                                  ]
                              }
                            ]
                        }
                      ]
                  },
                  {
                    "id":"ant",
                    "title":"Ant Tasks",
                    "children": [
                        {
                          "id":"use/artifactproperty",
                          "title":"artifactproperty",
                          "children": [

                            ]
                        },
                        {
                          "id":"use/artifactreport",
                          "title":"artifactreport",
                          "children": [

                            ]
                        },
                        {
                          "id":"use/buildlist",
                          "title":"buildlist",
                          "children": [

                            ]
                        },
                        {
                          "id":"use/buildnumber",
                          "title":"buildnumber",
                          "children": [

                            ]
                        },
                        {
                          "id":"use/cachefileset",
                          "title":"cachefileset",
                          "children": [

                            ]
                        },
                        {
                          "id":"use/cachepath",
                          "title":"cachepath",
                          "children": [

                            ]
                        },
                        {
                          "id":"use/cleancache",
                          "title":"cleancache",
                          "children": [

                            ]
                        },
                        {
                          "id":"use/configure",
                          "title":"configure",
                          "children": [

                            ]
                        },
                        {
                          "id":"use/deliver",
                          "title":"deliver",
                          "children": [

                            ]
                        },
                        {
                          "id":"use/findrevision",
                          "title":"findrevision",
                          "children": [

                            ]
                        },
                        {
                          "id":"use/info",
                          "title":"info",
                          "children": [

                            ]
                        },
                        {
                          "id":"use/install",
                          "title":"install",
                          "children": [

                            ]
                        },
                        {
                          "id":"use/listmodules",
                          "title":"listmodules",
                          "children": [

                            ]
                        },
                        {
                          "id":"use/makepom",
                          "title":"makepom",
                          "children": [

                            ]
                        },
                        {
                          "id":"use/postresolvetask",
                          "title":"post resolve tasks",
                          "children": [

                            ]
                        },
                        {
                          "id":"use/publish",
                          "title":"publish",
                          "children": [

                            ]
                        },
                        {
                          "id":"use/repreport",
                          "title":"repreport",
                          "children": [

                            ]
                        },
                        {
                          "id":"use/resolve",
                          "title":"resolve",
                          "children": [

                            ]
                        },
                        {
                          "id":"use/retrieve",
                          "title":"retrieve",
                          "children": [

                            ]
                        },
                        {
                          "id":"use/report",
                          "title":"report",
                          "children": [
                              {
                                "id":"yed",
                                "title":"Using yEd to layout report graphs",
                                "children": [

                                  ]
                              }
                            ]
                        },
                        {
                          "id":"use/settings",
                          "title":"settings",
                          "children": [

                            ]
                        },
                        {
                          "id":"use/var",
                          "title":"var",
                          "children": [

                            ]
                        }
                      ]
                  },
                  {
                    "id":"standalone",
                    "title":"Using standalone",
                    "children": [

                      ]
                  }
                ]
            },
            {
              "id":"dev",
              "title":"Developer doc",
              "children": [
                  {
                    "id":"extend",
                    "title":"Extending Ivy",
                    "children": [

                      ]
                  },
                  {
                    "id":"dev/makerelease",
                    "title":"Making a release",
                    "children": [

                      ]
                  },
                  {
                    "id":"dev/updatesite",
                    "title":"Updating the updatesite",
                    "children": [

                      ]
                  }
                ]
            }
          ]
      }
    ]
}