<?xml version="1.0" encoding="UTF-8"?>
<!DOCTYPE document PUBLIC "-//APACHE//DTD Documentation V1.1//EN" "../dtd/document-v11.dtd">
<!-- $Id$ -->

<document>
 <header>
  <title>To Do</title>
  <authors>
   <person name="Rainer Klute" email="klute@rainer-klute.de"/>
  </authors>
 </header>
 <body>
  <section title="To Do">

   <p>The following functionalities should be added to HPFS:</p>

   <ol>
    <li>
     <p>Complete writing the HPSF documentation.</p>
    </li>
    <li>
     <p>Add writing capability for property sets.</p>
    </li>
    <li>
     <p>Add codepage support.</p>
    </li>
    <li>
     <p>Add Unicode support.</p>
    </li>
    <li>
     <p>Add resource bundles to
      <code>org.apache.poi.hpsf.wellknown</code> to ease
      localizations.</p>
    </li>
    <li>
     <p>Implement reading functionality for those property types that are not
      yet supported (other than byte arrays).</p>
    </li>
   </ol>
  </section>
 </body>
</document>

<!-- Keep this comment at the end of the file
Local variables:
mode: xml
sgml-omittag:nil
sgml-shorttag:nil
sgml-namecase-general:nil
sgml-general-insert-case:lower
sgml-minimize-attributes:nil
sgml-always-quote-attributes:t
sgml-indent-step:1
sgml-indent-data:t
sgml-parent-document:nil
sgml-exposed-tags:nil
sgml-local-catalogs:nil
sgml-local-ecat-files:nil
End:
-->
