<?xml version="1.0"?>
<todo project="Typical office">
  <devs>
    <person name="Paper Pusher" email="paper@example.org" id="PP"
            expertise="paper">
      Shuffling papers, looking busy
    </person>
    <person name="Envelope Stuffer" email="stuffer@example.org" id="ES"
            expertise="envelopes">
      Stuffing envelopes, folding flaps, licking stamps
    </person>
    <person name="Bean Counter" email="bcount@example.org" id="BC"
            expertise="counting">
      Scrutinizing
    </person>
  </devs>

  <actions>
    <action category="support" who="PP">
       Make the coffee
    </action>
    <action category="morale" who="BC">
       Chat around the water cooler
    </action>
  </actions>

  <completed>
    <action category="support" who="ES">
       Buy bandages for paper-cuts
    </action>
    <action category="support" who="BC">
       Sharpen pencils
    </action>
  </completed>
</todo>
