<ivyconf>
	<conf   defaultCache="${ivy.cache.dir}"	
            defaultResolver="local-repository"
            defaultConflictManager="all" />		<!-- in order to get all revisions without any eviction -->

    <include file="${ivy.conf.dir}/ivy-maven1-ivyconf.xml" /> 
    <include file="${ivy.conf.dir}/ivy-maven2-ivyconf.xml" /> 

	<resolvers>
	    <filesystem name="local-repository">
	        <ivy pattern="${dest.repo.dir}/[organisation]/[module]/ivys/ivy-[revision].xml"/>
	        <artifact pattern="${dest.repo.dir}/[organisation]/[module]/[type]s/[artifact]-[revision].[type]"/>
	    </filesystem>
	
	    <chain name="libraries" returnFirst="false">
			<resolver ref="local-repository" />
			<ivyrep name="official-ivy-rep"/>
			<resolver ref="ibiblio-maven2" />
	    </chain>
	</resolvers>
</ivyconf>
