<project default="poibrowser" basedir="../../" name="POIBrowser build">

  <property name="build.root" value="build"/>

  <!-- =================================================================== -->
  <!-- GUI Run Target                                                      -->
  <!-- =================================================================== -->
  <target name="poibrowser">

    <property name="contrib.input.selection" value=""/>
    <centipede-user-input name="contrib.input.selection">Please select a file to view </centipede-user-input>

    <java classname="org.apache.poi.contrib.poibrowser.POIBrowser" fork="true">
         <arg value="${contrib.input.selection}"/>
     <classpath>
       <pathelement path="${xlayout.build.contributions.classes.dir}"/>
       <pathelement path="${xlayout.build.classes.dir}"/>
       <path>
          <fileset dir="${xlayout.library.dir}" casesensitive="yes"> 
           <patternset>
             <include name="*/*.jar"/>
             <include name="*/*.zip"/>
           </patternset>
         </fileset>  
          <fileset dir="${xlayout.source.contributions.library.dir}" casesensitive="yes"> 
           <patternset>
             <include name="*.jar"/>
             <include name="*.zip"/>
           </patternset>
         </fileset>                
       </path> 
     </classpath>
    </java>       
  </target>


</project>
