<?xml version="1.0" encoding="UTF-8"?>
<!-- Copyright (C) 2004 The Apache Software Foundation. All rights reserved. -->
<!DOCTYPE book PUBLIC "-//APACHE//DTD Cocoon Documentation Book V1.0//EN" "./dtd/book-cocoon-v10.dtd">

<book software="Poi"
    title="Poi Project Documentation"
    copyright="@year@ Poi Project"
    xmlns:xlink="http://www.w3.org/1999/xlink">

    <menu label="Community">
        <menu-item label="News" href="news.html"/>
        <menu-item label="Mirrors" href="mirrors.html"/>
        <menu-item label="Changes" href="site:changes"/>
        <menu-item label="To Do" href="todo.html"/>
        <menu-item label="Get Involved" href="getinvolved/index.html"/>
        <menu-item label="Mailing Lists" href="http://jakarta.apache.org/site/mail.html"/>
        <menu-item label="Vision" href="plan/POI20Vision.html"/>
        <menu-item label="History and Future" href="historyandfuture.html"/>
        <menu-item label="Who We Are" href="who.html"/>
        <menu-item label="Resolutions" href="resolutions/index.html"/>
    </menu>

    <menu label="Marketing">
        <menu-item label="Case Studies" href="casestudies.html"/>
    </menu>

    <menu label="Project">
        <menu-item label="Overview" href="overview.html"/>
        <menu-item label="POIFS" href="poifs/index.html"/>
        <menu-item label="HSSF" href="hssf/index.html"/>
        <menu-item label="HWPF" href="http://jakarta.apache.org/poi/hwpf/index.html"/>
        <menu-item label="HPSF" href="hpsf/index.html"/>
        <menu-item label="POI-Utils" href="utils/index.html"/>
        <menu-item label="Download" href="ext:download"/>
    </menu>

    <menu label="Docs">
        <menu-item label="Javadocs" href="ext:javadoc"/>
        <menu-item label="FAQ" href="faq.html"/>
        <menu-item label="References" href="references/index.html"/>
        <menu-item label="How to Build" href="howtobuild.html"/>
    </menu>

    <menu label="Translations">
        <menu-item label="Index" href="trans/index.html"/>
        <menu-item label="Guidelines" href="trans/guidelines.html"/>
        <menu-item label="German" href="trans/de/index.html"/>
        <menu-item label="Spanish" href="trans/es/index.html"/>
        <menu-item label="Japanese" href="http://www.terra-intl.com/jakarta/poi/"/>
    </menu>

    <menu label="Code">
        <!--    <menu-item label="Source Code" href="http://jakarta.apache.org/poi/javadocs/javasrc/"/>       -->
        <menu-item label="CVS" href="http://jakarta.apache.org/site/cvsindex.html"/>
        <menu-item label="CVS Changelog" href="changelog.html"/>
        <menu-item label="Top Voted Bugs" href="http://nagoya.apache.org/bugzilla/buglist.cgi?votes=1&amp;product=POI&amp;order=bugs.votes"/>
        <menu-item label="Bug Database" href="http://nagoya.apache.org/bugzilla/buglist.cgi?product=POI"/>
        <menu-item label="Patches" href="http://nagoya.apache.org/bugzilla/buglist.cgi?product=POI&amp;short_desc=%5BPATCH%5D&amp;short_desc_type=allwordssubstr"/>

        <menu-item label="Junit Test Results" href="ext:junit"/>
        <menu-item label="Dependency Metrics" href="ext:jdepend"/>
        <!--    <menu-item label="Checkstyle Metrics" href="http://jakarta.apache.org/poi/metrics/checkstyle/"/> -->
    </menu>

</book>
