<?xml version="1.0" encoding="ISO-8859-1"?>
<!-- Copyright (C) 2004 The Apache Software Foundation. All rights reserved. -->
<!DOCTYPE document PUBLIC "-//APACHE//DTD Documentation V1.1//EN" "./dtd/document-v11.dtd">

<document>
  <header>
    <title></title>
    <authors>
      <person id="AO" name="Andrew C. Oliver" email="acoliver@apache.org"/>
    </authors>
  </header>
  
  <body>
    <section><title>Mirrors</title>
        <p>
           These are mirrors of the 
           <link href="http://jakarta.apache.org/poi">POI</link> website.
           If you know of others...report them! :-)
        </p>                        
    </section>
    <section><title>Austria</title>
      <ul> 
       <li><link href="http://gd.tuwien.ac.at/infosys/servers/http/apache-jakarta-site/poi/index.html">Austrian Mirror of Jakarta POI</link></li>
      </ul>
    </section>
    <section><title>Korea</title>
      <ul>
      <li><link href="http://jakarta.ktech21.co.kr/">Jakarta site partially translated into Korean and Mirrored</link></li>
      </ul>
    </section>
  </body>
  <footer>
    <legal>
      Copyright (c) @year@ The Apache Software Foundation All rights reserved.
      $Revision$ $Date$
    </legal>
  </footer>
</document>
