<?xml version="1.0" encoding="ISO-8859-1"?>
<!-- Copyright (C) 2004 The Apache Software Foundation. All rights reserved. -->
<!DOCTYPE document PUBLIC "-//APACHE//DTD Documentation V1.1//EN" "./dtd/document-v11.dtd">

<document>
  <header>
    <title></title>
    <authors>
      <person id="AO" name="Andrew C. Oliver" email="acoliver@apache.org"/>
    </authors>
  </header>
  
  <body>
    <section><title>POI in the news</title>
        <p>
                These are articles/etc. posted about POI around the web.  If you
                see POI in the news or mentioned at least somewhat prominently
                on a site (not your homepage that you put the work POI on in
                order to get us to link you and by the why here is a picture of
                your wife in kids) then send a patch to the list.  In general
                equal time will be given so please feel free to send inflamatory
                defamation as well as favorable, technical and factual.  Really
                stupid things won't be mentioned (sorry).
        </p>                        
    </section>
    <section><title>English</title>
        <ul>
                <li> 
                      <link href="http://archive.midrange.com/web400/200204/msg00023.html">Discussion about using POI on AS/400s</link>
                </li>
                <li>
                      <link href="http://www.somelist.com/mails/23819.html">Discussion from back when we almost had POI as the filter for KOffice if politics and licenses hadn't killed iit</link> 
                </li>
                <li>
                       <link href="http://www.oreillynet.com/pub/wlg/1552?page=last&amp;x-showcontent=text">Java discussion on O'Reilly Network including discussion about POI</link> - O'Reilly.net
                </li>
                <li>
                       <link href="http://www.rollerweblogger.org/page/roller/20020715">Poor Obfuscation Implementation.</link> - Blog of David M. Johnson
                </li>
                <li>   
                       <link href="http://www.jsurfer.org/article.php?sid=322">
                        POI 1.5-dev-rc2 released </link> - JSurfer
                </li>

                <li>
                       <link href="http://directory.google.com/Top/Computers/Programming/Languages/Java/Class_Libraries/Data_Formats/Microsoft_Formats/"> Google says we're the most important in our category </link>
                </li>
                <li>
                       <link href="http://www.javaworld.com/javaworld/javaqa/2002-05/01-qa-0503-excel3.html">It's POI-fect</link> - Tony Sintes, Javaworld
                </li>
                <li>
                       <link href="http://www.need-a-cake.com/categories/cocoonWeblog/2002/03/07.html">
			Nicola announces POI serialization code
                       </link> - Matthew Langham's Radio Weblog
                </li>
                <li>
                        <link href="http://javalobby.org/discussionContext/showThreaded/frm/javalobby?folderId=20&amp;discussionContextId=11523">
                        Jakarta POI 1.4583 Released</link> - JavaLobby
                </li>        
                <li>
                        <link href="http://javalobby.org/discussionContext/showThreaded/frm/javalobby?discussionContextId=11442&amp;folderId=20">
                        POI project moves to Jakarta (OLE 2 CDF/Excel/Word in 
                        pure java)</link> - JavaLobby
                </li>
                <li>
                        <link
                        href="http://www.geocities.com/marcoschmidt.geo/java-image-coding.html">
                        List of Java libraries to read and write image and document files
                        </link> Marco Schmidt's homepage (normally we wouldn't
                        feature someone's homepage but its an extensive list of
                        information including "alternatives to POI" (for those
                        of you who are very wealthy).  But heck I think I'll
                        bookmark his page for myself since he's like got every
                        piece of info known to man linked or featured on it!
                </li>
                <li>
                        <link href="http://radio.weblogs.com/0101350/">
                        The Experiences of an Operator (M�ns af Klercker)
                        </link> - radio.weblogs.com
                </li>
                <li>
                        <link href="http://dataconv.org/apps_office.html">
                        DATACONV - Data Conversion Tools: Office
                        </link> DATACONV
                </li>
                <li>
                        <link href="http://chicago.sourceforge.net/devel/">
                        Chicago Developer Page
                        </link>                        
                </li>
                <li>
                        <link href="http://www.onjava.com/pub/d/1157">
                        POI/POI Serialization Project
                        </link> - Man you know you've hit the bigtime when
                        O'Reilly Likes you..  ;-)
                </li>
                <li>
                        <link
                        href="http://www.javaworld.com/netnews/index.shtml">
                        News Around the Net
                        </link> - Java World
                </li>
                
        </ul>
    </section>
    <section><title>Nederlandstalige (Dutch)</title>
        <ul>
                <li>
                        <link 
                        href="http://www.ster.be/java/java9.html">
                        Een Excel-werkboek maken vanuit Java - Lieven Smits 
                        </link>
                </li>
        </ul>
    </section>
    <section><title>Deutsch (German)</title>
        <ul>
                <li> <link 
                      href="http://www.entwickler.com/itr/news/show.php3?id=6132&amp;nodeid=82 ">Apache POI verffentlicht</link> - entwicker.com 
                </li>
                <li>
                       <link 
                       href="http://www.jsp-develop.de/newsletter/10/">
                       Apache Jakarta-Projekt bringt Word und Excel in die Java-Welt </link> - jsp-develop.de  (for the misguided who use JSP ;-) )
                </li>
                <li>
                        <link
                        href="http://www.entwickler.com/news/2002/02/5718/news.shtml">
                        Neues Apache-Projekt bringt Word- und Excel nach Java
                        </link> - entwickler.com
                </li>
        </ul>
    </section>
    <section><title>Espa�ol (Spanish)</title>
        <ul>
                <li>
                        <link href="http://www.javahispano.com/noticias/todas.jsp">
                        OLE2 desde Java nativo
                        </link> - javaHispano
                </li>
                <li>
                      <link href="http://p2p.wrox.com/archive/java_espanol/2002-08/3.asp">Spanish discussion about Excel and Java including POI from Wrox forums</link>
                </li> 
        </ul>
    </section>
    <section><title>Francais (French)</title>
        <ul>
		<li>
			<link href="http://linuxfr.org/section/D%E9veloppeur,0,1,8,0.html">
			Excel/OLE accessibles   
                        </link> - Da Linux French Page
                </li>
                <li>
                        <link href="http://www.sogid.com/javalist/f2002/traiter_word_java.html">Discussion on POI in French</link>
                </li>
        </ul>
    </section>
    <section><title>Nihongo (Japanese)</title>
        <ul>
                <li>
                        <link href="http://drpanda.freezope.org/Memo/docs/jakarta/poi/poi_sample">100% PureJava...</link> - Dr. Panda Portal
                </li>
                <li>
                        <link
                        href="http://www.gimlay.org/~andoh/java/javanew.html">
                        What's new with java?
                        </link> - gimlay.org
                </li>
                <li><link href="http://taka-2.com/jclass/POI/">Java?Excel?????</link> - appears to show how to use Japanese with POI</li>
                <li><link href="http://www.tech-arts.co.jp/macosx/webobjects-jp/htdocs/3200/3218.html">Various discussion in Japanese including on POI</link></li>
                <li><link href="http://muimi.com/j/jakarta/">Japanese resources on Jakarta projects including POI</link></li>
                <li><link href="http://www.fk.urban.ne.jp/home/kishida/">Kishida's site</link> various information, includes a snip about POI and Japanese.</li>
               
        </ul>
    </section>
    <section><title>Dunno how to say Russian in Russian (Russian)</title>
        <ul>
          <li>
             <link href="http://www.nestor.minsk.by/kg/kg02/21/kg22108.html">
             Probably a translation of the Javalobby announcement of 1.5-final
             </link> Java-???????
          </li>
        </ul>
    </section>
    <section><title>Dunno how to say Korean in Korean (Korean)</title>
        <ul>
           <li>
             <link href="http://www.javabrain.co.kr/AnswerView?questionId=1189&amp;categoryId=8">Various discussion in Korean about Excel output/APIs including POI</link>
           </li>
        </ul>
    </section>
    <section><title>No freaking idea</title>
        <p>
                If you can read one of these languages, send mail to the list
                telling us what language it is and we'll categorize it!
        </p>
        <ul>
                <li> 
                       <link 
                       href="http://www.javacentrix.com/index.htm">
                       If I had to guess, I'd say this is Thai, but
                       maybe you actually know</link> - javacentrix.com
                </li>
        </ul>
    </section>
  </body>
  <footer>
    <legal>
      Copyright (c) @year@ The Apache Software Foundation All rights reserved.
      $Revision$ $Date$
    </legal>
  </footer>
</document>
