<?xml version="1.0" encoding="UTF-8"?>
<!-- Copyright (C) 2004 The Apache Software Foundation. All rights reserved. -->
<!DOCTYPE document PUBLIC "-//APACHE//DTD Documentation V1.1//EN" "../dtd/document-v11.dtd">

<document>
    <header>
        <title>HSSF</title>
        <subtitle>Vista General</subtitle>
        <authors>
            <person name="Andrew C. Oliver" email="acoliver@apache.org"/>
            <person name="Nicola Ken Barozzi" email="barozzi@nicolaken.com"/>
        </authors>
    </header>

    <body>
        <section>
            <title>Diagrama de Clases del Usermodel por Matthew Young</title>
            <p>
                <img alt="usermodel" src="images/usermodel.gif"/>
            </p>
        </section>
    </body>
</document>
