<?xml version="1.0"?>
<!DOCTYPE book SYSTEM "./dtd/book.dtd">

<book title="Xerces-J Documentation" copyright="1999, 2000 The Apache Software Foundation">
  <external href="../index.html"  label="Home"/>

  <separator/>
  <document id="index"       label="Readme"       source="readme.xml"      />
  <external href="http://xml.apache.org/dist/xerces-j/"  label="Download"/>
  <external href="http://xml.apache.org/websrc/cvsweb.cgi/xml-xerces/java/"  label="Repository"/>
  <document id="install"     label="Installation" source="install.xml"     />

  <separator/>
  <document id="api"         label="API Docs"     source="api.xml"         />
  <!--
  <container id="samples"     label="Samples"      source="samples.xml">
	<entry  id="domcount"        source="sam-domcount.xml" />
	<entry  id="domwriter"       source="sam-domwriter.xml"/>
	<entry  id="domfilter"       source="sam-domfilter.xml"/>
	<entry  id="iterator"        source="sam-iterator.xml" />
	<entry  id="tree"            source="sam-tree.xml"     />
	<entry  id="treeview"        source="sam-treeview.xml" />
  </container>
  -->
  <document id='samples'     label='Samples'      source='samples.xml'/>
  <hidden id='domcount' source='sam-domcount.xml'/>
  <hidden id="domwriter"       source="sam-domwriter.xml"/>
  <hidden id="domfilter"       source="sam-domfilter.xml"/>
  <hidden id="iterator"        source="sam-iterator.xml" />
  <hidden  id="tree"            source="sam-tree.xml"     />
  <hidden  id="treeview"        source="sam-treeview.xml" />
  <document id="schema"      label="Schema"       source="schema.xml"      />

  <separator/>
  <document id="properties"  label="Properties"   source="properties.xml"  />
  <document id="features"    label="Features"     source="features.xml"    />
  <group    id="faqs"        title="Frequently Asked Questions" label="FAQs">
    <entry  id="faq-general"                      source="faq-general.xml" />
    <entry  id="faq-build"                        source="faq-build.xml"   />
    <entry  id="faq-write"                        source="faq-write.xml"   />
    <entry  id="faq-performance"                  source="faq-performance.xml"   />
    <entry  id="faq-migrate"                      source="faq-migrate.xml" />
    <entry  id="faq-common"                       source="faq-common.xml"  />
  </group>
	<hidden   id="jpc"       	  source="javapurecheck.xml"/>

  <separator/>
  <document id="releases"    label="Releases"     source="releases.xml"    />
  <document id="caveats"     label="Caveats"      source="caveats.xml"     />
  <document id="feedback"    label="Feedback"     source="feedback.xml"    />

  <separator/>
  <document id="y2k"         label="Y2K Compliance" source="y2k.xml"       />
</book>
