<?xml version="1.0"?>
<!DOCTYPE book SYSTEM "./dtd/book.dtd">

<book title="Xerces-J Documentation" copyright="1999, 2000 The Apache Software Foundation">
  <external href="../index.html"  label="Home"/>
  
  <separator/>
  <document id="index"       label="Readme"       source="xerces-j/readme.xml"      />
  <document id="install"     label="Installation" source="xerces-j/install.xml"     />
  <separator/>
  <document id="api"         label="API Docs"     source="xerces-j/api.xml"         />
  <document id="samples"     label="Samples"      source="xerces-j/samples.xml"     />
  <hidden   id="iterator"                         source="xerces-j/sam-iterator.xml"/>
  <hidden   id="tree"                             source="xerces-j/sam-tree.xml"    />
  <document id="schema"      label="Schema"       source="xerces-j/schema.xml"      />
  <separator/>
  <document id="properties"  label="Properties"   source="xerces-j/properties.xml"  />
  <document id="features"    label="Features"     source="xerces-j/features.xml"    />
  <group    id="faqs"        label="FAQs"                                            >
    <entry  id="faq-general"                      source="xerces-j/faq-general.xml" />
    <entry  id="faq-build"                        source="xerces-j/faq-build.xml"   />
    <entry  id="faq-write"                        source="xerces-j/faq-write.xml"   />
    <entry  id="faq-migrate"                      source="xerces-j/faq-migrate.xml" />
    <entry  id="faq-common"                       source="xerces-j/faq-common.xml"  />
  </group>
  
  <separator/>
  <document id="releases"    label="Releases"     source="xerces-j/releases.xml"    />
  <document id="caveats"     label="Caveats"      source="xerces-j/caveats.xml"     />
  <document id="feedback"    label="Feedback"     source="xerces-j/feedback.xml"    />
  <separator/>
  <document id="y2k"         label="Y2K Compliance" source="xerces-j/y2k.xml"         />
</book>
