<?xml version="1.0" encoding="ISO-8859-1"?>
<!DOCTYPE document PUBLIC "-//APACHE//DTD Documentation V1.1//EN" "document-v11.dtd">

<document>
    <header>
        <title></title>
        <authors>
            <person id="AO" name="Andrew C. Oliver" email="acoliver@apache.org"/>
            <person id="GS" name="Glen Stampoultzis" email="glens@apache.org"/>
        </authors>
    </header>

    <body>
        <section title="POI logos">
            <p>
                    Here are the current logo submissions.  Thanks to the artists!
            </p>
            <section title="Michael Mosmann">
                <p>
                    <img src="images/logoMichaelMosmann.png"/>
                </p>
            </section>
            <section title="Lo�c Lef�vre">
                <p>
                    <img src="images/logoLoicLefevre.png"/>&nbsp;&nbsp;&nbsp;
                    <img src="images/logoLoicLefevre2.png"/>
                </p>
            </section>
            <section title="Glen Stampoultzis">
                <p>
                    <img src="images/logoGlenStampoutlzis.png"/>
                </p>
            </section>
            <section title="Marcus Gustafsson">
                <p>
                    <img src="images/logoGustafsson1.png"/>&nbsp;&nbsp;&nbsp;
                    <img src="images/logoGustafsson2.png"/>
                </p>
            </section>
            <section title="Adrianus Handoyo">
                <p>
                    <img src="images/logoAdria1.png"/>&nbsp;&nbsp;&nbsp;
                    <img src="images/logoAdria2.png"/>&nbsp;&nbsp;&nbsp;
                    <img src="images/logoAdria3.png"/>
                </p>
            </section>
            <section title="RussellBeattie">
                <p>
                    <img src="images/logoRussellBeattie1.png"/>&nbsp;&nbsp;&nbsp;
                    <img src="images/logoRussellBeattie2.png"/>&nbsp;&nbsp;&nbsp;
                    <img src="images/logoRussellBeattie3.png"/>
                </p>
                <p>
                    <img src="images/logoRussellBeattie4.png"/>&nbsp;&nbsp;&nbsp;
                    <img src="images/logoRussellBeattie5.png"/>
                </p>
            </section>
            <section title="Daniel Fernandez">
                <p>
                    <img src="images/logoDanielFernandez.png"/>
                </p>
            </section>
            <section title="Andrew Clements">
                <p>
                    <img src="images/logoAndrewClements.png"/>&nbsp;&nbsp;&nbsp;
                    <img src="images/logoAndrewClements2.png"/>
                </p>
            </section>
            <section title="Wendy Wise">
                <p>
                    <img src="images/logoWendyWise.png"/>&nbsp;&nbsp;&nbsp;
                    <img src="images/logoWendyWise2.png"/>
                </p>
            </section>
            <section title="Nikhil Karmokar">
                <p>
                    <img src="images/logoKarmokar1.png"/>&nbsp;&nbsp;&nbsp;
                    <img src="images/logoKarmokar1s.png"/>
                </p>
                <p>
                    <img src="images/logoKarmokar2.png"/>&nbsp;&nbsp;&nbsp;
                    <img src="images/logoKarmokar2s.png"/>
                </p>
                <p>
                    <img src="images/logoKarmokar3.png"/>&nbsp;&nbsp;&nbsp;
                    <img src="images/logoKarmokar3s.png"/>
                </p>
                <p>
                    <img src="images/logoKarmokar4.png"/>&nbsp;&nbsp;&nbsp;
                    <img src="images/logoKarmokar4s.png"/>
                </p>
                <p>
                    <img src="images/logoKarmokar5.png"/>&nbsp;&nbsp;&nbsp;
                    <img src="images/logoKarmokar5s.png"/>
                </p>
                <p>
                    <img src="images/logoKarmokar6.png"/>&nbsp;&nbsp;&nbsp;
                    <img src="images/logoKarmokar6s.png"/>
                </p>
            </section>
            <section title="Lieven Janssen">
                <p>
                    <img src="images/logoJanssen1.png"/>&nbsp;&nbsp;&nbsp;
                    <img src="images/logoJanssen2.png"/>
                </p>
            </section>
            <section title="RaPi GmbH">
                <p>
                    Contact Person: Fancy at: fancy at my-feiqi.com
                </p>
                <p>
                    <img src="images/logoRaPiGmbH1.png"/>&nbsp;&nbsp;&nbsp;
                    <img src="images/logoRaPiGmbH2.png"/>
                </p>
                <p>
                    <img src="images/logoRaPiGmbH3.png"/>
                </p>
                <p>
                    <img src="images/logoRaPiGmbH4.png"/>
                </p>
                <p>
                    <img src="images/logoRaPiGmbH5.png"/>
                </p>
                <p>
                    <img src="images/logoRaPiGmbH6.png"/>
                </p>
                <p>
                    <img src="images/logoRaPiGmbH7.png"/>
                </p>
            </section>

        </section>
    </body>
    <footer>
        <legal>
          Copyright (c) @year@ The Apache Software Foundation All rights reserved.
          $Revision$ $Date$
        </legal>
    </footer>
</document>
