<?xml version="1.0" encoding="UTF-8"?>
<!DOCTYPE document PUBLIC "-//APACHE//DTD Documentation V1.1//EN" "../dtd/document-v11.dtd">

<document>
 <header>
  <title>HDF</title>
  <subtitle>Overview</subtitle>
  <authors>
   <person name="Nicola Ken Barozzi" email="barozzi@nicolaken.com"/>     
   <person name="Andrew C. Oliver" email="acoliver@apache.org"/>   
  </authors>
 </header>

 <body>
 <section title="Overview">

  <p>HDF will be the name of OUR port of the Microsoft Word 97(-2002) file format to
     pure Java.</p>
  <p>HDF is still in early development. If you want to help us, you can 
     follow development on the poi-dev mailing list.</p>


  </section>
 </body>
</document>
