<upload>
  <day>
    <dow>tue</dow>
    <order>
      <line>
         <product>Belt</product>
         <price>5.54</price>
      </line>
    </order>
  </day>
  <day>
    <dow>wed</dow>
  </day>
  <day>
    <dow>thu</dow>
    <order>
      <line>
         <product>Boots</product>
         <price>9.23</price>
      </line>
    </order>
  </day>
  <day>
    <dow>fri</dow>
    <order>
    </order>
    <order>
    </order>
  </day>
  <day>
    <dow>sat</dow>
    <order>
      <line>
         <product>Jacket</product>
         <price>9.84</price>
      </line>
    </order>
  </day>
  <day>
    <dow>mon</dow>
    <order>
    </order>
    <order>
      <line>
         <product>Tie</product>
         <price>5.37</price>
      </line>
    </order>
  </day>
  <day>
    <dow>tue</dow>
  </day>
  <day>
    <dow>wed</dow>
    <order>
    </order>
  </day>
  <day>
    <dow>thu</dow>
    <order>
      <line>
         <product>Overalls</product>
         <price>3.16</price>
      </line>
    </order>
  </day>
</upload>
