<?xml version="1.0"?>
<doc>
  <name first="Sanjiva" last="Weerawarana"/>
  <name first="Joseph" last="Kesselman"/>
  <name first="Stephen" last="Auriemma"/>
  <name first="Igor" last="Belakovskiy"/>    
  <name first="David" last="Marston"/>
  <name first="David" last="Bertoni"/>
  <name first="Donald" last="Leslie"/>
  <name first="Emily" last="Farmer"/>
  <name first="Myriam" last="Midy"/>
  <name first="Paul" last="Dick"/>
  <name first="Scott" last="Boag"/>
  <name first="Shane" last="Curcuru"/>
  <name first="Marcia" last="Hoffman"/>
  <name first="Noah" last="Mendelsohn"/>
  <name first="Alex" last="Morrow"/>    
</doc>