<!--
  ~  Licensed to the Apache Software Foundation (ASF) under one
  ~  or more contributor license agreements.  See the NOTICE file
  ~  distributed with this work for additional information
  ~  regarding copyright ownership.  The ASF licenses this file
  ~  to you under the Apache License, Version 2.0 (the
  ~  "License"); you may not use this file except in compliance
  ~  with the License.  You may obtain a copy of the License at
  ~
  ~   http://www.apache.org/licenses/LICENSE-2.0
  ~
  ~  Unless required by applicable law or agreed to in writing,
  ~  software distributed under the License is distributed on an
  ~   * "AS IS" BASIS, WITHOUT WARRANTIES OR CONDITIONS OF ANY
  ~  KIND, either express or implied.  See the License for the
  ~  specific language governing permissions and limitations
  ~  under the License.
  -->

<module name="synapse" class="org.apache.synapse.core.axis2.SynapseInitializationModule">

    <Description>
        This module dynamically set the Synapse dispatcher. Synapse service and
        SynapseMessageReceiver will be initialize by SynapseModule
    </Description>

    <InFlow>
        <handler name="SynapseDispatcher"
                 class="org.apache.synapse.core.axis2.SynapseDispatcher">
            <order after="SOAPMessageBodyBasedDispatcher" phase="Dispatch"/>
        </handler>
        <handler name="SynapseMustUnderstandHandler"
                 class="org.apache.synapse.core.axis2.SynapseMustUnderstandHandler">
            <order after="SynapseDispatcher" phase="Dispatch"/>
        </handler>
    </InFlow>

</module>
