<?xml version="1.0" encoding="UTF-8"?>
<!DOCTYPE book PUBLIC "-//APACHE//DTD Cocoon Documentation Book V1.0//EN" "./dtd/book-cocoon-v10.dtd">

<book software="Poi" 
      title="Poi Project Documentation" 
      copyright="@year@ Poi Project"
      xmlns:xlink="http://www.w3.org/1999/xlink">

  <menu label="About">
    <menu-item label="Index" href="index.html"/>
    <menu-item label="History and Future" href="historyandfuture.html"/>
    <menu-item label="Download" href="http://jakarta.apache.org/builds/jakarta-poi/"/>
    <menu-item label="1.0 Vision" href="plan/POI10Vision.html"/>
    <menu-item label="2.0 Vision" href="plan/POI20Vision.html"/>
    <menu-item label="Who we are" href="who.html"/>    
    <menu-item label="Changes" href="changes.html"/>
    <menu-item label="FAQ" href="faq.html"/>
  </menu>
  
  <menu label="Sub-Projects">
    <menu-item label="Overview" href="overview.html"/>
    <menu-item label="POIFS" href="poifs/index.html"/>
    <menu-item label="HSSF" href="hssf/index.html"/>
    <menu-item label="HDF" href="hdf/index.html"/>
    <menu-item label="HPSF" href="hpsf/index.html"/>
    <menu-item label="POI-Utils" href="utils/index.html"/>
  </menu>

  <menu label="References">
    <menu-item label="Javadocs" href="http://jakarta.apache.org/poi/javadocs/"/>  
    <menu-item label="Test Results" href="http://jakarta.apache.org/poi/test/"/>  
    <menu-item label="Metrics" href="http://jakarta.apache.org/poi/metrics/jdepend-report.html"/>  
    <menu-item label="In The News" href="inthenews.html"/>  
    <menu-item label="Live Sites" href="livesites.html"/>
    <menu-item label="XLS spec [PDF]" href="http://sc.openoffice.org/excelfileformat.pdf"/>
    <menu-item label="Apache Cocoon" href="http://xml.apache.org/cocoon/"/>
    <menu-item label="Resolutions" href="resolutions/index.html"/>
  </menu>

  <menu label="Get Involved">
    <menu-item label="Contributing" href="contrib.html"/>
    <menu-item label="Branching" href="branching.html"/>
    <menu-item label="Bug Database" href="http://nagoya.apache.org/bugzilla/buglist.cgi?product=POI"/>
    <menu-item label="CVS" href="http://jakarta.apache.org/site/cvsindex.html"/>
    <menu-item label="Mail Lists" href="http://jakarta.apache.org/site/mail.html"/>
  </menu>

</book>
