<?xml version="1.0"?>
<!DOCTYPE changes PUBLIC "-//APACHE//DTD Changes V1.1//EN" "./dtd/changes-v11.dtd">

<changes title="History of Changes">

    <devs>
        <!-- in strict alphabetical order -->
        <person id="AO"  name="Andrew C. Oliver"   email="acoliver2@users.sourceforge.net"/>
        <person id="GJS"  name="Glen Stampoultzis" email="glens@apache.org"/>
        <person id="MJ"  name="Marc Johnson"       email="mjohnson@apache.org"/>
        <person id="NKB" name="Nicola Ken Barozzi" email="barozzi@nicolaken.com"/>
        <person id="POI-DEVELOPERS" name="Poi Developers"    email="poi-dev@jakarta.apache.org"/>
    </devs>
    <release version="1.5" date="Coming Soon">
        <action dev="NKB" type="update">New project build.</action>
        <action dev="NKB" type="update">New project documentation system based on Cocoon.</action>
        <action dev="POI-DEVELOPERS" type="update">Package rename</action>
        <action dev="POI-DEVELOPERS" type="fix">Various bug fixes</action>
        <action dev="POI-DEVELOPERS" type="add">Early stages of HSF development (not ready for development)</action>
        <action dev="POI-DEVELOPERS" type="add">Initial low level record support for charting (not complete)</action>
    </release>
    <release version="1.1.0" date="Release date not recorded">
        <action dev="POI-DEVELOPERS">Created new event model</action>
        <action dev="POI-DEVELOPERS">Optimizations made to HSSF including aggregate records for
        values, rows, etc.</action>
        <action dev="POI-DEVELOPERS">predictive sizing, offset based writing (instead of lots of
        array copies)</action>
        <action dev="POI-DEVELOPERS">minor re-factoring and bug fixes.</action>
    </release>
    <release version="1.0.0" date="Release date not recorded">
        <action dev="POI-DEVELOPERS">Minor documentation updates.</action>
    </release>
    <release version="0.14.0" date="Release date not recorded">
        <action dev="POI-DEVELOPERS">Added DataFormat helper class and exposed set and get format
        on HSSFCellStyle</action>
        <action dev="POI-DEVELOPERS">Fixed column width apis (unit wise) and various javadoc on
        the subject</action>
        <action dev="POI-DEVELOPERS">Fix for Dimensions record (again)... (one of these days I'll
        write a unit test for this ;-p).</action>
        <action dev="POI-DEVELOPERS">Some optimization on sheet creation.</action>
    </release>
    <release version="0.13.0" date="Release date not recorded">

    </release>
    <release version="0.12.0" date="Release date not recorded">
        <action dev="POI-DEVELOPERS">Added MulBlank, Blank, ColInfo</action>
        <action dev="POI-DEVELOPERS">Added log4j facility and removed all sys.out type logging</action>
        <action dev="POI-DEVELOPERS">Added support for adding font's, styles and corresponding
        high level api for styling cells</action>
        <action dev="POI-DEVELOPERS">added support for changing row height, cell width and default
        row height/cell width.</action>
        <action dev="POI-DEVELOPERS">Added fixes for internationalization (UTF-16 should work now
        from HSSFCell.setStringValue, etc when the encoding is set)</action>
        <action dev="POI-DEVELOPERS">added support for adding/removing and naming sheets.</action>
    </release>
    <release version="0.11.0" date="Release date not recorded">
        <action dev="POI-DEVELOPERS">Bugfix release. We were throwing an exception when reading
        RKRecord objects.</action>
    </release>
    <release version="0.10.0" date="Release date not recorded">
        <action dev="POI-DEVELOPERS">Got continuation records to work (read/write)</action>
        <action dev="POI-DEVELOPERS">Added various pre-support for formulas</action>
        <action dev="POI-DEVELOPERS">Massive API reorganization, repackaging.</action>
        <action dev="POI-DEVELOPERS">BiffViewer class added for validating HSSF &amp; POI and/or
        HSSF Output.</action>
        <action dev="POI-DEVELOPERS">Better API support for modification.</action>
    </release>
    <release version="0.7 (and interim releases)" date="Release date not recorded">
        <action dev="POI-DEVELOPERS">Added encoding flag to high and low level api to use utf-16
        when needed (HSSFCell.setEncoding())</action>
        <action dev="POI-DEVELOPERS">added read only support for Label records (which are
        reinterpreted as LabelSST when written)</action>
        <action dev="POI-DEVELOPERS">Broken continuation record implementation (oops)</action>
        <action dev="POI-DEVELOPERS">BiffViewer class added for validating HSSF &amp; POI and/or
        HSSF Output.</action>
    </release>
    <release version="0.6 (release)" date="Release date not recorded">
        <action dev="POI-DEVELOPERS">Support for read/write and modify.</action>
        <action dev="POI-DEVELOPERS">Read only support for MulRK records (converted to Number when
        writing)
        </action>
    </release>

</changes>
