<?xml version="1.0" encoding="UTF-8"?>
<!DOCTYPE document PUBLIC "-//APACHE//DTD Documentation V1.1//EN" "./dtd/document-v11.dtd">

<document>
 <header>
  <title>Mail Archives</title>
  <authors>
   <person name="Robin Green" email="greenrd@hotmail.com"/>
   <person name="Nicola Ken Barozzi" email="barozzi@nicolaken.com"/>   
  </authors>
 </header>

 <body>

 <section title="Mailing List Archives">
  <p>
   There are a number of mailing list archives available.
  </p>

  <table>
   <tr>
    <td><strong>poi-user</strong></td>
    <td><strong>poi-dev</strong></td>
    <td><strong>Regularly updated?</strong></td>
    <td><strong>Searchable?</strong></td>
    <td><strong>Speed</strong></td>
    <td><strong>Other features?</strong></td>
   </tr>
   <tr>
    <td><link href="http://www.mail-archive.com/poi-user@jakarta.apache.org">
    Apache</link></td>
    <td><link href="http://www.mail-archive.com/poi-dev@jakarta.apache.org">
    Apache</link></td>
    <td>Yes</td>
    <td>?</td>
    <td>?</td>
    <td>?</td>
   </tr>
  </table>
 </section>

</body>
</document>
