<!--
  ~  Licensed to the Apache Software Foundation (ASF) under one
  ~  or more contributor license agreements.  See the NOTICE file
  ~  distributed with this work for additional information
  ~  regarding copyright ownership.  The ASF licenses this file
  ~  to you under the Apache License, Version 2.0 (the
  ~  "License"); you may not use this file except in compliance
  ~  with the License.  You may obtain a copy of the License at
  ~
  ~   http://www.apache.org/licenses/LICENSE-2.0
  ~
  ~  Unless required by applicable law or agreed to in writing,
  ~  software distributed under the License is distributed on an
  ~   * "AS IS" BASIS, WITHOUT WARRANTIES OR CONDITIONS OF ANY
  ~  KIND, either express or implied.  See the License for the
  ~  specific language governing permissions and limitations
  ~  under the License.
  -->

<project name="Synapse">
  <title>Synapse</title>
  <body>
    <menu name="Synapse">
      <item name="Home" href="index.html"/>
      <item name="Download Synapse">
        <item name="Releases" href="download.cgi"/>
        <item name="Source Code" href="http://svn.apache.org/viewvc/webservices/synapse/trunk/java/"/>
      </item>
      <item name="Documentation">
      	<item name="Synapse configuration language and syntax" href="Synapse_Configuration_Language.html"/>
        <item name="User Guide" href="userguide.html"/>
        <item name="Extending Synapse" href="extending_synapse.html"/>
      </item>
      <item name="Get Involved" href="getInvolved.html" />
      <item name="Project Information">
        <item name="Issue Tracking" href="http://issues.apache.org/jira/browse/Synapse"/>
        <item name="Mailing List" href="mail-lists.html"/>
      </item>
    </menu>
  </body>
</project>
