<?xml version="1.0"?>
<!DOCTYPE book PUBLIC "-//APACHE//DTD Cocoon Documentation Book V1.0//EN" "../dtd/book-cocoon-v10.dtd">

<book software="Poi Project" 
      title="Resolutions" 
      copyright="@year@ Poi Project">

  <menu label="Navigation">
    <menu-item label="Main" href="../index.html"/>
  </menu>
  
  <menu label="About">
        <menu-item label="About" href="index.html"/>
  </menu>
  
  <menu label="Resolutions">
        <menu-item label="Coding Standards" href="res001.html"/>
  </menu>

</book>


